AA-A 2T,AA-A,,,0
AA-C 2T,AA-C,,,0
AA+ 2T,AA+,,,0
AAA XHPVXIJUWS4L,AAA,,,0
AAAU WX1HYU092ESL,AAAU,,,0
AAC VUE7AQ4QYD0L,AAC,,,0
AAC+ 2T,AAC+,,,0
AAC= 2T,AAC=,,,0
AACI XTEBTFQXKXNP,AACI,,,0
AACIU 2T,AACIU,,,0
AADI 2T,AADI,,,0
AADR UOFRJAZTL0TH,AADR,,,0
AAIC-B 2T,AAIC-B,,,0
AAIC-C 2T,AAIC-C,,,0
AAIN 2T,AAIN,,,0
AAL VM9RIYHM8ACL,AAL,,,0
AAM-A 2T,AAM-A,,,0
AAM-B 2T,AAM-B,,,0
AAMC VJV46QARHW85,AAMC,,,0
AAME R735QTJ8XC9X,AAME,,,0
AAOI VK8WG1F4KGH1,AAOI,,,0
AAON R735QTJ8XC9X,AAON,,,0
AAP SA48O8J43YAT,AAP,,,0
AAQC XOD5K8FVI44L,AAQC,,,0
AAQC+ 2T,AAQC+,,,0
AAQC= 2T,AAQC=,,,0
AAT UT927RDJ1T2D,AAT,,,0
AATC XQC1QYS10FOL,AATC,,,0
AAU TEMHQPA3FAZP,AAU,,,0
AAWW TJ2ZLXWLWA5H,AAWW,,,0
AAXJ U55LDE3TN4O5,AAXJ,,,0
ABB S3MVQ2U3Z59H,ABB,,,0
AC R735QTJ8XC9X,AB,,,0
ATAI TZPNESB8EZQD,AACG,,,0
FBG R735QTJ8XC9X,AAIC,,,0
RNTA SB2PBIC0SCX1,AAN,,,0
